"taxon","lfc_(Intercept)","lfc_treatment_groupApcMUT_HpWT","se_(Intercept)","se_treatment_groupApcMUT_HpWT","W_(Intercept)","W_treatment_groupApcMUT_HpWT","p_(Intercept)","p_treatment_groupApcMUT_HpWT","q_(Intercept)","q_treatment_groupApcMUT_HpWT","diff_(Intercept)","diff_treatment_groupApcMUT_HpWT","passed_ss_(Intercept)","passed_ss_treatment_groupApcMUT_HpWT","diff_robust_(Intercept)","diff_robust_treatment_groupApcMUT_HpWT","Root","Domain","Phylum","Class","Order","Family","Genus","Species","prevalence"
"OTU_1",-0.0869793017049235,0.252913709696499,0.0736762151743168,0.281250914742131,-1.18056148105779,0.899245820865639,0.276332701116099,0.398398400962175,0.543800582009185,0.757635747007871,FALSE,FALSE,TRUE,TRUE,FALSE,FALSE,"Root","Archaea",NA,NA,NA,NA,NA,NA,1
"OTU_354",1.03623589710106,-1.77929452833744,0.35803022052581,0.445737841551353,2.89426935966249,-3.9917959896444,0.04437230450376,0.0162406111737327,0.174075963822443,0.226566993278378,FALSE,FALSE,TRUE,TRUE,FALSE,FALSE,"Root","Bacteria","Actinomycetota","Actinomycetes","Actinomycetales","Microbacteriaceae","Microbacterium","Microbacterium sp001619615",0.285714285714286
"OTU_88",0.298970062396323,-0.263256925863765,0.387324992758758,0.538839450720138,0.771884252206089,-0.488562827966536,0.496411623293967,0.658636878416794,0.755899998271779,0.890321789659585,FALSE,FALSE,TRUE,TRUE,FALSE,FALSE,"Root","Bacteria","Actinomycetota","Actinomycetes","Actinomycetales","Microbacteriaceae","Microbacterium",NA,0.357142857142857
"OTU_319",0.395955294256145,-0.471203939767603,0.157473758760416,0.315165826017891,2.51442079856975,-1.49509845569632,0.065746593896239,0.209208152045826,0.212317003245318,0.640176945260227,FALSE,FALSE,TRUE,TRUE,FALSE,FALSE,"Root","Bacteria","Actinomycetota","Coriobacteriia","Coriobacteriales","Eggerthellaceae","Adlercreutzia",NA,0.678571428571429
"OTU_87",0.659281840065621,-0.949252779101103,0.053413379934307,0.260372373320931,12.343009202497,-3.6457507645447,0.000247569898729426,0.0218533092304136,0.00541117064365746,0.226566993278378,TRUE,FALSE,FALSE,TRUE,FALSE,FALSE,"Root","Bacteria","Actinomycetota","Coriobacteriia","Coriobacteriales","Eggerthellaceae","MGBC163016",NA,0.892857142857143
"OTU_34",0.0485946499441202,0.00888059672822064,0.142992453429458,0.279251801152201,0.339840661368141,0.0318013946251341,0.74394568382677,0.975518185806722,0.917468923465565,0.989338961978145,FALSE,FALSE,TRUE,TRUE,FALSE,FALSE,"Root","Bacteria","Actinomycetota","Coriobacteriia","Coriobacteriales","Eggerthellaceae",NA,NA,1
"OTU_18",-0.493319817302082,1.15446241521475,0.226664083432843,0.344578389488479,-2.17643576269659,3.35036221200213,0.072416342893528,0.0154124548651777,0.221594009254196,0.226566993278378,FALSE,FALSE,TRUE,TRUE,FALSE,FALSE,"Root","Bacteria","Actinomycetota","Coriobacteriia","Coriobacteriales",NA,NA,NA,0.857142857142857
"OTU_6",0.682003162947354,-1.1312547266776,0.11317144587279,0.412998681749418,6.02628302296283,-2.73912430394626,0.000528251971572235,0.0289547483309724,0.00673521263754599,0.260592734978752,TRUE,FALSE,FALSE,TRUE,FALSE,FALSE,"Root","Bacteria","Actinomycetota",NA,NA,NA,NA,NA,1
"OTU_31",0.200532836918193,-0.555070724728137,0.0558205714702168,0.252562330593057,3.59245402969741,-2.19775737507942,0.0229116373814961,0.0928846463389494,0.100156586267683,0.430646996662402,FALSE,FALSE,TRUE,TRUE,FALSE,FALSE,"Root","Bacteria","Bacillota","Bacilli","Erysipelotrichales","Erysipelotrichaceae",NA,NA,0.785714285714286
"OTU_524",0.234705461062506,-0.34525992530462,0.255653631705675,0.360242362934549,0.918060343976314,-0.958410117266939,0.410535300535246,0.392129817252844,0.668211712573326,0.757635747007871,FALSE,FALSE,TRUE,TRUE,FALSE,FALSE,"Root","Bacteria","Bacillota","Bacilli","Lactobacillales","Lactobacillaceae","Ligilactobacillus","Ligilactobacillus murinus",0.535714285714286
"OTU_8",0.0629649407603634,-0.0169859267410165,0.166295824391409,0.29003786538412,0.378632121346376,-0.0585645143902873,0.716183251800818,0.954935763141965,0.917468923465565,0.989338961978145,FALSE,FALSE,TRUE,TRUE,FALSE,FALSE,"Root","Bacteria","Bacillota","Bacilli",NA,NA,NA,NA,0.964285714285714
"OTU_244",-0.642044340516781,0.872705203405563,0.126512038219371,0.483546983202549,-5.07496637911627,1.80479918957534,0.00710568733497685,0.145424168643929,0.0494168255568845,0.51171687786928,TRUE,FALSE,FALSE,TRUE,FALSE,FALSE,"Root","Bacteria","Bacillota","Bacilli","RF39","UBA660","CAOJBM01","CAOJBM01 sp948329525",0.535714285714286
"OTU_30",-0.263210348628011,0.570129594158058,0.0598060935516126,0.269675503524679,-4.40106238339845,2.11413193525708,0.00315278804666025,0.0723456705402815,0.0283750924199422,0.381685779057347,TRUE,FALSE,FALSE,TRUE,FALSE,FALSE,"Root","Bacteria","Bacillota","Bacilli","RF39","UBA660",NA,NA,1
"OTU_27",-0.265692571584442,0.405234076936523,0.225718194539626,0.450869995484314,-1.17709860353237,0.898782533757275,0.283731206233553,0.403393840748269,0.549504741186501,0.757635747007871,FALSE,FALSE,TRUE,TRUE,FALSE,FALSE,"Root","Bacteria","Bacillota","Clostridia","Christensenellales","Borkfalkiaceae",NA,NA,0.928571428571429
"OTU_15",0.838533374169941,-1.57853373462579,0.254540910099319,0.774343388325716,3.29429706935029,-2.03854486061913,0.0165249725084726,0.0876207751944334,0.0815587352837521,0.418936831398385,FALSE,FALSE,TRUE,TRUE,FALSE,FALSE,"Root","Bacteria","Bacillota","Clostridia","Christensenellales",NA,NA,NA,0.964285714285714
"OTU_225",-0.427892716691281,0.544285313128472,0.0893088609300716,0.446005671352449,-4.79115635598935,1.22035513915777,0.00492189503746151,0.276740451848326,0.0396342074069269,0.708113103941442,TRUE,FALSE,FALSE,TRUE,FALSE,FALSE,"Root","Bacteria","Bacillota","Clostridia","Christensenellales","Pumilibacteraceae","MGBC157735","MGBC157735 sp910588155",0.857142857142857
"OTU_26",0.0770367665800406,-0.181562583083758,0.212801460962777,0.399615643788706,0.362012395175782,-0.454343031625052,0.732139467600053,0.668625392390539,0.917468923465565,0.890321789659585,FALSE,FALSE,TRUE,TRUE,FALSE,FALSE,"Root","Bacteria","Bacillota","Clostridia","Christensenellales","Pumilibacteraceae",NA,NA,0.821428571428571
"OTU_233",-1.65466287674671,2.75135993492326,0.0323232310756878,0.258826770423781,-51.1911347251198,10.6301211826675,1.64168631969106e-05,0.00177905900878782,0.000837260023042443,0.193379344491804,TRUE,FALSE,FALSE,TRUE,FALSE,FALSE,"Root","Bacteria","Bacillota","Clostridia","Christensenellales","UBA3700","RACS-045","RACS-045 sp910579785",0.642857142857143
"OTU_25",0.0947476692114794,-0.318240899279921,0.113487779789426,0.384495732482679,0.834871114645834,-0.827683826879034,0.465053306442027,0.468543615117676,0.718718746319497,0.796763829790582,FALSE,FALSE,TRUE,TRUE,FALSE,FALSE,"Root","Bacteria","Bacillota","Clostridia","Lachnospirales","Anaerotignaceae",NA,NA,0.821428571428571
"OTU_209",-0.0361767010622906,0.16146902853976,0.224695393994312,0.36917689390922,-0.16100330504864,0.437375770812637,0.876638931135919,0.675015213075241,0.93328065646962,0.890321789659585,FALSE,FALSE,TRUE,TRUE,FALSE,FALSE,"Root","Bacteria","Bacillota","Clostridia","Lachnospirales","Lachnospiraceae","1XD8-76","1XD8-76 sp910573755",1
"OTU_210",-0.0610780795192075,0.20629150976221,0.310009430779304,0.451361101055048,-0.197020069246503,0.457043172927413,0.849410298259794,0.661485595349329,0.925659429688493,0.890321789659585,FALSE,FALSE,TRUE,TRUE,FALSE,FALSE,"Root","Bacteria","Bacillota","Clostridia","Lachnospirales","Lachnospiraceae","1XD8-76","1XD8-76 sp910578085",1
"OTU_154",-0.502647750607384,0.643949450683049,0.331081381997455,0.559500145215276,-1.51819998930428,1.15093705728223,0.226260388176277,0.333170049768247,0.487575202689723,0.749632611978556,FALSE,FALSE,TRUE,TRUE,FALSE,FALSE,"Root","Bacteria","Bacillota","Clostridia","Lachnospirales","Lachnospiraceae","Acetatifactor","Acetatifactor sp910579755",0.821428571428571
"OTU_155",-0.593965948559911,1.16548967403548,0.262419656248735,0.372237900382502,-2.26342019134771,3.13103440793603,0.0580378985403758,0.0165857085944787,0.206506941318081,0.226566993278378,FALSE,FALSE,TRUE,TRUE,FALSE,FALSE,"Root","Bacteria","Bacillota","Clostridia","Lachnospirales","Lachnospiraceae","Acetatifactor","Acetatifactor sp910584375",0.857142857142857
"OTU_169",0.445107861012654,-0.879466765206518,0.0715907543617995,0.278107759635398,6.21739308351473,-3.16232372070275,0.0083870580034224,0.0507800631668848,0.0534674947718178,0.329644327484106,FALSE,FALSE,TRUE,TRUE,FALSE,FALSE,"Root","Bacteria","Bacillota","Clostridia","Lachnospirales","Lachnospiraceae","Brotaphodocola","Brotaphodocola sp009911065",0.642857142857143
"OTU_60",-0.036690569413213,0.162393991571421,0.166807883976506,0.296162570299568,-0.219957046025358,0.548327195456062,0.832181570211329,0.600509079371631,0.925659429688493,0.870088030414,FALSE,FALSE,TRUE,TRUE,FALSE,FALSE,"Root","Bacteria","Bacillota","Clostridia","Lachnospirales","Lachnospiraceae","Brotaphodocola",NA,1
"OTU_207",-0.347832602465113,0.470258362352205,0.0296867764955645,0.333256932027331,-11.7167521545185,1.41109851636526,0.000303473753809682,0.231049006943642,0.00580393554161016,0.654638853006985,TRUE,FALSE,FALSE,TRUE,FALSE,FALSE,"Root","Bacteria","Bacillota","Clostridia","Lachnospirales","Lachnospiraceae","CANRXD01","CANRXD01 sp910586315",0.821428571428571
"OTU_415",-0.261400759802455,0.430192640978191,0.0973148340529886,0.282154028711934,-2.68613477427419,1.5246730409701,0.0746587164032653,0.224744269502286,0.223976149209796,0.648790061016034,FALSE,FALSE,TRUE,TRUE,FALSE,FALSE,"Root","Bacteria","Bacillota","Clostridia","Lachnospirales","Lachnospiraceae","CANRXD01",NA,0.321428571428571
"OTU_163",-0.648965817149659,1.26448943749702,0.497002911201769,0.850933304558608,-1.30575858314479,1.48600299309349,0.232907407819129,0.180865331020032,0.488900939014563,0.576508242626351,FALSE,FALSE,TRUE,TRUE,FALSE,FALSE,"Root","Bacteria","Bacillota","Clostridia","Lachnospirales","Lachnospiraceae","COE1","COE1 sp000403215",0.785714285714286
"OTU_164",-0.586046635396865,0.978833370375828,0.161056724039888,0.363482307959948,-3.63875919425583,2.69293263782095,0.0149228700275459,0.0431470580095721,0.0787310039384319,0.329644327484106,FALSE,FALSE,TRUE,TRUE,FALSE,FALSE,"Root","Bacteria","Bacillota","Clostridia","Lachnospirales","Lachnospiraceae","COE1","COE1 sp000403335",0.785714285714286
"OTU_472",-0.123078410846992,0.351948813550653,0.229126399909733,0.399272787831911,-0.537163813927511,0.881474581480415,0.619642514633099,0.427843808078341,0.85861029123944,0.779369579081957,FALSE,FALSE,TRUE,TRUE,FALSE,FALSE,"Root","Bacteria","Bacillota","Clostridia","Lachnospirales","Lachnospiraceae","COE1","COE1 sp009774395",0.571428571428571
"OTU_160",-0.93593445099684,1.25554374115625,0.029888100242928,0.341922132249919,-31.3146183059358,3.672016587211,6.2349752999979e-07,0.0144130187156977,9.53951220899679e-05,0.226566993278378,TRUE,FALSE,FALSE,TRUE,FALSE,FALSE,"Root","Bacteria","Bacillota","Clostridia","Lachnospirales","Lachnospiraceae","Caccovicinus","Caccovicinus sp009774615",0.821428571428571
"OTU_161",0.0925981030836578,-0.211633151864189,0.0997645396638714,0.262499332083444,0.928166494785032,-0.806223582301973,0.421784010693379,0.479099819220481,0.672517284453239,0.796763829790582,FALSE,FALSE,TRUE,TRUE,FALSE,FALSE,"Root","Bacteria","Bacillota","Clostridia","Lachnospirales","Lachnospiraceae","Caccovicinus","Caccovicinus sp910585635",0.857142857142857
"OTU_56",0.483055646140912,-0.730328438560846,0.206678673206081,0.37224956096888,2.3372302456154,-1.96193230331815,0.0666092559200999,0.107022981362246,0.212317003245318,0.454847670789544,FALSE,FALSE,TRUE,TRUE,FALSE,FALSE,"Root","Bacteria","Bacillota","Clostridia","Lachnospirales","Lachnospiraceae","Caccovicinus",NA,0.892857142857143
"OTU_464",-0.788225646094726,1.24156787157947,0.270795934001037,0.39911352232454,-2.91077356461234,3.11081384651731,0.0436443494816039,0.0358436467525584,0.174075963822443,0.304670997396747,FALSE,FALSE,TRUE,TRUE,FALSE,FALSE,"Root","Bacteria","Bacillota","Clostridia","Lachnospirales","Lachnospiraceae","Eubacterium_F","Eubacterium_F sp910584245",0.607142857142857
"OTU_198",-0.843968797120573,1.43019715339232,0.0657682291567415,0.285665652875355,-12.8324695364565,5.00654222513882,5.11567379878374e-05,0.00408179589905484,0.00195674522803478,0.193379344491804,TRUE,FALSE,FALSE,TRUE,FALSE,FALSE,"Root","Bacteria","Bacillota","Clostridia","Lachnospirales","Lachnospiraceae","Eubacterium_J","Eubacterium_J sp009774535",0.714285714285714
"OTU_381",0.139482335673919,-0.0903192597719696,0.1642327257507,0.405863072630838,0.849296844075089,-0.222536283447796,0.458115981706519,0.838186367401725,0.715221889807117,0.969752678933756,FALSE,FALSE,TRUE,TRUE,FALSE,FALSE,"Root","Bacteria","Bacillota","Clostridia","Lachnospirales","Lachnospiraceae","Hominiventricola","Hominiventricola sp910584205",0.392857142857143
"OTU_59",0.160688454688579,-0.0610767119086324,0.247630767673397,0.372167254547606,0.64890343069369,-0.164110923683695,0.540427727910895,0.875032639496014,0.795052330484297,0.9889104696176,FALSE,FALSE,TRUE,TRUE,FALSE,FALSE,"Root","Bacteria","Bacillota","Clostridia","Lachnospirales","Lachnospiraceae","Hominiventricola",NA,0.964285714285714
"OTU_327",-0.683296350584518,1.07340012333664,0.187948005448075,0.485081842076837,-3.63556053151782,2.21282272439012,0.0108925074779063,0.068875079672778,0.0666621457647867,0.376353113926251,FALSE,FALSE,TRUE,TRUE,FALSE,FALSE,"Root","Bacteria","Bacillota","Clostridia","Lachnospirales","Lachnospiraceae","Kineothrix","Kineothrix sp910588855",0.75
"OTU_379",0.213547840771735,-0.516241185213681,0.136914881862363,0.333740599804718,1.55971241304805,-1.54683363521175,0.216729774698302,0.219638142572298,0.483300656627793,0.648790061016034,FALSE,FALSE,TRUE,TRUE,FALSE,FALSE,"Root","Bacteria","Bacillota","Clostridia","Lachnospirales","Lachnospiraceae","Laedolimicola","Laedolimicola sp910576325",0.5
"OTU_66",-0.0185246842417083,0.0097654571881491,0.0633497532670635,0.377341523715297,-0.292419201123227,0.0258796251522987,0.779814564719141,0.980192618103539,0.922446125498385,0.989338961978145,FALSE,FALSE,TRUE,TRUE,FALSE,FALSE,"Root","Bacteria","Bacillota","Clostridia","Lachnospirales","Lachnospiraceae","Laedolimicola",NA,0.928571428571429
"OTU_24",-0.032401494271363,0.15467365631609,0.0647288240986566,0.213013187226779,-0.500572885766906,0.726122444951829,0.632023851777564,0.491323270103584,0.85861029123944,0.802686848831871,FALSE,FALSE,TRUE,TRUE,FALSE,FALSE,"Root","Bacteria","Bacillota","Clostridia","Lachnospirales","Lachnospiraceae",NA,NA,1
"OTU_388",-0.290035890989223,0.323065034387915,0.0790083985468972,0.288176973583185,-3.67095013091634,1.12106470677006,0.0349769176216881,0.343906435384718,0.14463428097617,0.757635747007871,FALSE,FALSE,TRUE,TRUE,FALSE,FALSE,"Root","Bacteria","Bacillota","Clostridia","Lachnospirales","Lachnospiraceae","Paralachnospira_A","Paralachnospira_A sp948470335",0.535714285714286
"OTU_201",-0.0683922482693767,0.202236911945965,0.295384742675847,0.549895741404162,-0.231536157385183,0.367773191750044,0.82459249385686,0.725667352901148,0.925659429688493,0.935455772016815,FALSE,FALSE,TRUE,TRUE,FALSE,FALSE,"Root","Bacteria","Bacillota","Clostridia","Lachnospirales","Lachnospiraceae","Petralouisia","Petralouisia sp910588845",0.892857142857143
"OTU_335",-0.174234620580607,0.0782352290080318,0.0953598297953976,0.295877497079252,-1.82712805753158,0.264417638314265,0.165141938051867,0.808583259891929,0.377115171969188,0.969752678933756,FALSE,FALSE,TRUE,TRUE,FALSE,FALSE,"Root","Bacteria","Bacillota","Clostridia","Lachnospirales","Lachnospiraceae","QZDW01","QZDW01 sp009917545",0.678571428571429
"OTU_202",-0.295320464486448,0.696432920829563,0.162923119345749,0.365612576805188,-1.81263693987918,1.90483852310324,0.14410484876989,0.129514164391342,0.36746736436322,0.495391678796884,FALSE,FALSE,TRUE,TRUE,FALSE,FALSE,"Root","Bacteria","Bacillota","Clostridia","Lachnospirales","Lachnospiraceae","Roseburia_B","Roseburia_B sp003612565",0.642857142857143
"OTU_65",-0.147832378156862,0.362449247309988,0.422608758723469,0.540420282750016,-0.349809073061816,0.670680318409972,0.736770303388,0.52392823200161,0.917468923465565,0.840018941145806,FALSE,FALSE,TRUE,TRUE,FALSE,FALSE,"Root","Bacteria","Bacillota","Clostridia","Lachnospirales","Lachnospiraceae","Schaedlerella",NA,0.928571428571429
"OTU_176",-0.0263681051376367,0.143813555875383,0.0797720428868002,0.365054811519374,-0.330543185098746,0.39395058313798,0.750662809474303,0.705342740973155,0.917468923465565,0.922371276657202,FALSE,FALSE,TRUE,TRUE,FALSE,FALSE,"Root","Bacteria","Bacillota","Clostridia","Lachnospirales","Lachnospiraceae","Schaedlerella","Schaedlerella sp910573785",0.964285714285714
"OTU_58",0.0235886109775874,-0.0576158151627236,0.074359406159336,0.247111173771109,0.317224305517478,-0.23315746626695,0.761821845463256,0.823389742010701,0.91778537288093,0.969752678933756,FALSE,FALSE,TRUE,TRUE,FALSE,FALSE,"Root","Bacteria","Bacillota","Clostridia","Lachnospirales","Lachnospiraceae","Sporofaciens",NA,0.964285714285714
"OTU_482",0.289392174878104,-0.42455494815295,0.0418377301488264,0.379920191484014,6.91701423209791,-1.11748456036145,0.000227822478818977,0.3006680742205,0.00541117064365746,0.729111500673728,TRUE,FALSE,FALSE,TRUE,FALSE,FALSE,"Root","Bacteria","Bacillota","Clostridia","Lachnospirales","Lachnospiraceae","Suilimivivens",NA,0.714285714285714
"OTU_187",0.25051757379407,-0.333212366977556,0.246306439048255,0.391974131338411,1.01709713624251,-0.850087646957182,0.348352613532322,0.427889180672447,0.629481565145361,0.779369579081957,FALSE,FALSE,TRUE,TRUE,FALSE,FALSE,"Root","Bacteria","Bacillota","Clostridia","Lachnospirales","Lachnospiraceae","Suilimivivens","Suilimivivens sp009911035",0.821428571428571
"OTU_189",-0.470504719915536,0.732933514266275,0.115843155292859,0.326819045912768,-4.0615668549952,2.24262791117107,0.00663873891040172,0.066107763763413,0.0483679549186411,0.374610661326007,TRUE,FALSE,FALSE,TRUE,FALSE,FALSE,"Root","Bacteria","Bacillota","Clostridia","Lachnospirales","Lachnospiraceae","Suilimivivens","Suilimivivens sp011959285",0.964285714285714
"OTU_190",0.0533036332180707,-0.105159850747498,0.243142735407086,0.426497881006663,0.219227743443892,-0.246565939552358,0.833740156476606,0.813463256893573,0.925659429688493,0.969752678933756,FALSE,FALSE,TRUE,TRUE,FALSE,FALSE,"Root","Bacteria","Bacillota","Clostridia","Lachnospirales","Lachnospiraceae","Suilimivivens","Suilimivivens sp910579425",0.892857142857143
"OTU_191",0.168410267120186,-0.202437752543887,0.128196555910709,0.311462188184644,1.31368792183065,-0.64995932162358,0.259231014733603,0.551158773066992,0.521872963871595,0.846620814545931,FALSE,FALSE,TRUE,TRUE,FALSE,FALSE,"Root","Bacteria","Bacillota","Clostridia","Lachnospirales","Lachnospiraceae","Suilimivivens","Suilimivivens sp910579685",0.785714285714286
"OTU_387",-0.418740613583524,0.607039379902173,0.107186178650231,0.34365728576016,-3.90666612856827,1.76640916708464,0.0174428865140077,0.152075226694052,0.0833988011450993,0.51171687786928,FALSE,FALSE,TRUE,TRUE,FALSE,FALSE,"Root","Bacteria","Bacillota","Clostridia","Lachnospirales","Lachnospiraceae","UBA3282","UBA3282 sp003611805",0.607142857142857
"OTU_181",-0.177133626146023,0.249466350464061,0.469175869118404,0.695755795888611,-0.377542064298539,0.35855446974099,0.721265938478585,0.734570478657323,0.917468923465565,0.935455772016815,FALSE,FALSE,TRUE,TRUE,FALSE,FALSE,"Root","Bacteria","Bacillota","Clostridia","Lachnospirales","Lachnospiraceae","UBA3282","UBA3282 sp009774175",0.75
"OTU_179",-0.165486286330881,0.429505586375853,0.307289725099279,0.480759107970054,-0.538535046290322,0.893390430374554,0.609590298467551,0.406053145455199,0.85861029123944,0.757635747007871,FALSE,FALSE,TRUE,TRUE,FALSE,FALSE,"Root","Bacteria","Bacillota","Clostridia","Lachnospirales","Lachnospiraceae","UBA3282","UBA3282 sp009774215",0.857142857142857
"OTU_185",-0.578022963887832,0.904962704621947,0.25404505704169,0.364342346025596,-2.27527734890341,2.4838252113532,0.0632081116755057,0.0475582502041441,0.212317003245318,0.329644327484106,FALSE,FALSE,TRUE,TRUE,FALSE,FALSE,"Root","Bacteria","Bacillota","Clostridia","Lachnospirales","Lachnospiraceae","UBA3282","UBA3282 sp009774655",0.928571428571429
"OTU_184",-0.311399520172347,0.746950037165086,0.312993116259378,0.544427780055535,-0.994908526723923,1.3719910418401,0.376092431803008,0.241980855459246,0.639357134065113,0.656536564390662,FALSE,FALSE,TRUE,TRUE,FALSE,FALSE,"Root","Bacteria","Bacillota","Clostridia","Lachnospirales","Lachnospiraceae","UBA3282","UBA3282 sp910575245",0.75
"OTU_183",-0.0784053529753913,0.237480601983342,0.42574396334019,0.802845619974318,-0.184160809610215,0.295798589510819,0.859108751737032,0.775966082571469,0.925659429688493,0.965226102710852,FALSE,FALSE,TRUE,TRUE,FALSE,FALSE,"Root","Bacteria","Bacillota","Clostridia","Lachnospirales","Lachnospiraceae","UBA3282","UBA3282 sp910575775",0.964285714285714
"OTU_182",0.0773652623169882,-0.0203702668689793,0.261047757315126,0.492504273116701,0.29636440133671,-0.0413605890971681,0.77886707200454,0.968609226661258,0.922446125498385,0.989338961978145,FALSE,FALSE,TRUE,TRUE,FALSE,FALSE,"Root","Bacteria","Bacillota","Clostridia","Lachnospirales","Lachnospiraceae","UBA3282","UBA3282 sp910578115",0.857142857142857
"OTU_180",-0.396737022997766,0.899266037852201,0.227598331345392,0.380307275128255,-1.74314556988425,2.36457753154717,0.15626253665592,0.0772762099448237,0.371910025003333,0.394108670718601,FALSE,FALSE,TRUE,TRUE,FALSE,FALSE,"Root","Bacteria","Bacillota","Clostridia","Lachnospirales","Lachnospiraceae","UBA3282","UBA3282 sp910578475",0.75
"OTU_61",-0.0870467632097504,0.253035140405187,0.18827400991627,0.335077979012309,-0.462340836361121,0.755152997970935,0.657864008357775,0.474793328656551,0.873324294844344,0.796763829790582,FALSE,FALSE,TRUE,TRUE,FALSE,FALSE,"Root","Bacteria","Bacillota","Clostridia","Lachnospirales","Lachnospiraceae","UBA3402",NA,1
"OTU_370",0.099140378737805,-0.169782108579821,0.208718379901808,0.369626648403378,0.474995919307374,-0.459334058605364,0.659563016792851,0.66984844137171,0.873324294844344,0.890321789659585,FALSE,FALSE,TRUE,TRUE,FALSE,FALSE,"Root","Bacteria","Bacillota","Clostridia","Lachnospirales","Lachnospiraceae","UBA3402","UBA3402 sp021769025",0.571428571428571
"OTU_199",0.0791193021386696,-0.146464921020455,0.236738021595232,0.42101291570059,0.33420614739252,-0.347887001938477,0.749596434618339,0.739804891594998,0.917468923465565,0.935455772016815,FALSE,FALSE,TRUE,TRUE,FALSE,FALSE,"Root","Bacteria","Bacillota","Clostridia","Lachnospirales","Lachnospiraceae","VSOB01","VSOB01 sp910589075",0.928571428571429
"OTU_14",0.0405181708116769,0.0234182591666188,0.319299837797933,0.441107792026443,0.126896935153843,0.0530896519851431,0.902590190944981,0.959143808269017,0.952388270445394,0.989338961978145,FALSE,FALSE,TRUE,TRUE,FALSE,FALSE,"Root","Bacteria","Bacillota","Clostridia","Lachnospirales",NA,NA,NA,0.928571428571429
"OTU_7",0.418772341180209,-0.657439247496739,0.264067255448384,0.522176559069268,1.58585486288005,-1.2590363088465,0.156792254611249,0.248376399320279,0.371910025003333,0.656536564390662,FALSE,FALSE,TRUE,TRUE,FALSE,FALSE,"Root","Bacteria","Bacillota","Clostridia",NA,NA,NA,NA,0.892857142857143
"OTU_146",-0.571317524423062,0.902613117603363,0.054810562744235,0.316331197131653,-10.4234931337784,2.85338002001652,0.00188462496923611,0.0649285831309506,0.0180217262683203,0.374610661326007,TRUE,FALSE,FALSE,TRUE,FALSE,FALSE,"Root","Bacteria","Bacillota","Clostridia","Oscillospirales","Acutalibacteraceae","Acutalibacter","Acutalibacter sp910584745",0.785714285714286
"OTU_53",-0.139021716317453,0.346590055999053,0.142590491479098,0.275607693172178,-0.974971857347387,1.25754855392419,0.362054756423476,0.248883142056591,0.629481565145361,0.656536564390662,FALSE,FALSE,TRUE,TRUE,FALSE,FALSE,"Root","Bacteria","Bacillota","Clostridia","Oscillospirales","Acutalibacteraceae","Acutalibacter",NA,1
"OTU_22",0.249013984071624,-0.351874204701285,0.116668566952247,0.385115437671315,2.13437081277897,-0.913685015664317,0.0702155479709173,0.391266318859107,0.219244466113273,0.757635747007871,FALSE,FALSE,TRUE,TRUE,FALSE,FALSE,"Root","Bacteria","Bacillota","Clostridia","Oscillospirales","Acutalibacteraceae",NA,NA,1
"OTU_23",0.483614371378711,-0.681225867399722,0.196992676922908,0.367748745837287,2.4549865453525,-1.85242200037614,0.0494548155116415,0.113408770546367,0.184550896909296,0.468960591718759,FALSE,FALSE,TRUE,TRUE,FALSE,FALSE,"Root","Bacteria","Bacillota","Clostridia","Oscillospirales","Butyricicoccaceae",NA,NA,0.928571428571429
"OTU_13",0.225122051394608,-0.308868725882658,0.174140249067662,0.29597536587956,1.29276288853324,-1.0435622740588,0.237124183078482,0.331381415143726,0.490270270419024,0.749632611978556,FALSE,FALSE,TRUE,TRUE,FALSE,FALSE,"Root","Bacteria","Bacillota","Clostridia","Oscillospirales",NA,NA,NA,1
"OTU_44",0.419739583062302,-0.753051280269939,0.0382726218413374,0.356272017134756,10.9670977024352,-2.11369752338732,0.00039272449751845,0.102064170882298,0.00600868481203229,0.454847670789544,TRUE,FALSE,FALSE,TRUE,FALSE,FALSE,"Root","Bacteria","Bacillota","Clostridia","Oscillospirales","Oscillospiraceae","Avoscillospira_A",NA,0.75
"OTU_129",-0.517782199491571,0.899918353055114,0.0493275842708491,0.267725703374294,-10.4968083709212,3.36134462142764,0.000465684238239228,0.0282695664943054,0.00647724440460018,0.260592734978752,TRUE,FALSE,FALSE,TRUE,FALSE,FALSE,"Root","Bacteria","Bacillota","Clostridia","Oscillospirales","Oscillospiraceae","CANAAV01","CANAAV01 sp910585415",0.75
"OTU_115",-0.893256079827671,1.25531298008916,0.0294743893496085,0.25944893613236,-30.3061776524824,4.83838168235446,7.06123764916149e-06,0.0084099488720684,0.000540184680160854,0.193379344491804,TRUE,FALSE,FALSE,TRUE,FALSE,FALSE,"Root","Bacteria","Bacillota","Clostridia","Oscillospirales","Oscillospiraceae","Enterenecus","Enterenecus sp910587255",0.714285714285714
"OTU_41",-0.313222509533223,0.660151483787438,0.181310620939487,0.299739647347949,-1.7275463947463,2.20241629570315,0.127705714053614,0.063504114126316,0.336878866382809,0.374610661326007,FALSE,FALSE,TRUE,TRUE,FALSE,FALSE,"Root","Bacteria","Bacillota","Clostridia","Oscillospirales","Oscillospiraceae","Enterenecus",NA,1
"OTU_121",0.136836593989768,-0.272825413636401,0.0682213499703464,0.259758829743352,2.00577376509328,-1.05030275161757,0.1153537789338,0.352844080443159,0.315163003158417,0.757635747007871,FALSE,FALSE,TRUE,TRUE,FALSE,FALSE,"Root","Bacteria","Bacillota","Clostridia","Oscillospirales","Oscillospiraceae","Evtepia","Evtepia sp910584805",0.714285714285714
"OTU_43",-0.850529702070085,1.34097348571355,0.255558577582024,0.420297003140729,-3.32812034766118,3.19053782371261,0.0158436484798632,0.0188235360248802,0.0808026072473023,0.226566993278378,FALSE,FALSE,TRUE,TRUE,FALSE,FALSE,"Root","Bacteria","Bacillota","Clostridia","Oscillospirales","Oscillospiraceae","Evtepia",NA,0.964285714285714
"OTU_96",0.0769924516742192,-0.171496133969026,0.189807430760048,0.324152597263827,0.405634549532215,-0.529059879256329,0.705771248184569,0.624762043539481,0.917468923465565,0.885079561680931,FALSE,FALSE,TRUE,TRUE,FALSE,FALSE,"Root","Bacteria","Bacillota","Clostridia","Oscillospirales","Oscillospiraceae","Lawsonibacter","Lawsonibacter sp950097245",0.75
"OTU_38",-0.397497924326406,0.811847230415167,0.200754728643565,0.338209004809568,-1.98001774111211,2.40043055882644,0.0881794934796855,0.0474361364504216,0.254555896271545,0.329644327484106,FALSE,FALSE,TRUE,TRUE,FALSE,FALSE,"Root","Bacteria","Bacillota","Clostridia","Oscillospirales","Oscillospiraceae","Lawsonibacter",NA,1
"OTU_20",-0.188801878728658,0.436194348339222,0.121219455073306,0.249000999260061,-1.55752126269238,1.75177750143747,0.16330490129945,0.123272901265533,0.377115171969188,0.483609074195553,FALSE,FALSE,TRUE,TRUE,FALSE,FALSE,"Root","Bacteria","Bacillota","Clostridia","Oscillospirales","Oscillospiraceae",NA,NA,1
"OTU_40",-0.390450155308647,0.799161246183202,0.131207137934138,0.273308878548225,-2.97583013741707,2.9240222653147,0.0206364570994804,0.0222124503214096,0.0928640569476619,0.226566993278378,FALSE,FALSE,TRUE,TRUE,FALSE,FALSE,"Root","Bacteria","Bacillota","Clostridia","Oscillospirales","Oscillospiraceae","Oscillibacter",NA,1
"OTU_399",-0.653262249520471,0.895322234628364,0.0872817733767199,0.448396476028556,-7.48452081399519,1.99672005132205,0.0017041198806002,0.116552280059169,0.017382022782122,0.469276285501393,TRUE,FALSE,FALSE,TRUE,FALSE,FALSE,"Root","Bacteria","Bacillota","Clostridia","Oscillospirales","Oscillospiraceae","Oscillibacter","Oscillibacter sp009774015",0.535714285714286
"OTU_111",-0.208655906638277,0.231539191545511,0.0410799475254373,0.411810566573382,-5.07926419596992,0.562246844397696,0.014742058664128,0.613221298567285,0.0787310039384319,0.876849146549482,FALSE,FALSE,TRUE,TRUE,FALSE,FALSE,"Root","Bacteria","Bacillota","Clostridia","Oscillospirales","Oscillospiraceae","Oscillibacter","Oscillibacter sp910577405",0.821428571428571
"OTU_39",-0.219827128183827,0.492039797358527,0.186586545908701,0.30756632682538,-1.17815101358589,1.59978435362945,0.277231669259584,0.153679443950747,0.543800582009185,0.51171687786928,FALSE,FALSE,TRUE,TRUE,FALSE,FALSE,"Root","Bacteria","Bacillota","Clostridia","Oscillospirales","Oscillospiraceae","Pelethomonas",NA,1
"OTU_100",-0.735091468535805,1.32756076412804,0.114399168500401,0.296200117331942,-6.42567142901246,4.48197244513674,0.00135562230660802,0.00650684200092132,0.0148150152079305,0.193379344491804,TRUE,FALSE,FALSE,TRUE,FALSE,FALSE,"Root","Bacteria","Bacillota","Clostridia","Oscillospirales","Oscillospiraceae","Pelethomonas","Pelethomonas sp910578505",0.678571428571429
"OTU_103",-0.566410560751658,0.798125299782023,0.147494947759091,0.4473867515113,-3.84020313480022,1.78397169135185,0.0184563371290365,0.148993148449472,0.0855702903255326,0.51171687786928,FALSE,FALSE,TRUE,TRUE,FALSE,FALSE,"Root","Bacteria","Bacillota","Clostridia","Oscillospirales","Oscillospiraceae","Pelethomonas","Pelethomonas sp910579965",0.785714285714286
"OTU_42",0.172309417809847,-0.213805985430088,0.175525641141028,0.360499181303746,0.981676618240658,-0.593083137267769,0.35896279946797,0.57178114510905,0.629481565145361,0.864412323954807,FALSE,FALSE,TRUE,TRUE,FALSE,FALSE,"Root","Bacteria","Bacillota","Clostridia","Oscillospirales","Oscillospiraceae","Vermiculatibacterium",NA,1
"OTU_119",0.0299374633928647,-0.0677739790271682,0.132820149126143,0.376412188154399,0.225398507604687,-0.18005256248336,0.829150350096903,0.863038473079458,0.925659429688493,0.985409599859381,FALSE,FALSE,TRUE,TRUE,FALSE,FALSE,"Root","Bacteria","Bacillota","Clostridia","Oscillospirales","Oscillospiraceae","Vermiculatibacterium","Vermiculatibacterium sp910587345",0.964285714285714
"OTU_50",0.576823708936686,-0.860470152008704,0.164419813164764,0.313618066490488,3.50823722417599,-2.74368808416464,0.0247112644351342,0.0517089141151539,0.10502287384932,0.329644327484106,FALSE,FALSE,TRUE,TRUE,FALSE,FALSE,"Root","Bacteria","Bacillota","Clostridia","Oscillospirales","Ruminococcaceae","Anaerotruncus",NA,0.75
"OTU_49",0.148790474129727,-0.231974541201624,0.0759856892484497,0.515860399391441,1.95813811260207,-0.449684723764962,0.107543912759076,0.671761642072629,0.299167611857065,0.890321789659585,FALSE,FALSE,TRUE,TRUE,FALSE,FALSE,"Root","Bacteria","Bacillota","Clostridia","Oscillospirales","Ruminococcaceae","Angelakisella",NA,0.928571428571429
"OTU_444",-1.24430045403645,2.12359903388332,0.0413805978405395,0.465426953081611,-30.0696587040954,4.56269027786828,8.07902235368365e-05,0.0197414059524369,0.0024721808402272,0.226566993278378,TRUE,FALSE,FALSE,TRUE,FALSE,FALSE,"Root","Bacteria","Bacillota","Clostridia","Oscillospirales","Ruminococcaceae","CAG-115","CAG-115 sp910587465",0.535714285714286
"OTU_21",0.0693995180920998,-0.0285681659381422,0.102153541333128,0.297744356216002,0.67936477958982,-0.0959486396357321,0.518732195019877,0.926250483198537,0.77340902337607,0.989338961978145,FALSE,FALSE,TRUE,TRUE,FALSE,FALSE,"Root","Bacteria","Bacillota","Clostridia","Oscillospirales","Ruminococcaceae",NA,NA,1
"OTU_485",-0.276942192680846,0.332954579513863,0.134368718389417,0.310095400196805,-2.06106150300722,1.07371660238285,0.0943057540016181,0.332012441267271,0.267199636337918,0.749632611978556,FALSE,FALSE,TRUE,TRUE,FALSE,FALSE,"Root","Bacteria","Bacillota","Clostridia","Oscillospirales","Ruminococcaceae","Ruminiclostridium_E","Ruminiclostridium_E sp910585505",0.642857142857143
"OTU_29",0.0657681691015471,-0.0220317377551484,0.195768608208569,0.297809977812832,0.335948494007163,-0.0739791793309053,0.746754781649071,0.943096608655786,0.917468923465565,0.989338961978145,FALSE,FALSE,TRUE,TRUE,FALSE,FALSE,"Root","Bacteria","Bacillota","Clostridia","Peptostreptococcales","Anaerovoracaceae",NA,NA,1
"OTU_237",0.218143160154599,-0.245124480783977,0.0563320139941651,0.244196403364379,3.87245448346999,-1.00380053680895,0.0117310866767332,0.361550837062963,0.0679858007334481,0.757635747007871,FALSE,FALSE,TRUE,TRUE,FALSE,FALSE,"Root","Bacteria","Bacillota","Clostridia","TANB77","CAG-508","CAG-273","CAG-273 sp948560265",0.857142857142857
"OTU_28",0.232031570829435,-0.321305860865346,0.0963654666766352,0.273005510717161,2.40782905776861,-1.17692078823356,0.0469233726511254,0.277691413310369,0.179481900390555,0.708113103941442,FALSE,FALSE,TRUE,TRUE,FALSE,FALSE,"Root","Bacteria","Bacillota","Clostridia","TANB77","CAG-508",NA,NA,1
"OTU_82",0.305041806924923,-0.269027717966461,0.252085991071419,0.404272685170512,1.21007044313899,-0.665461031217066,0.312900790434734,0.55334693761172,0.576793023331498,0.846620814545931,FALSE,FALSE,TRUE,TRUE,FALSE,FALSE,"Root","Bacteria","Bacillota","Clostridia","UBA1381","UBA1381","Hominilimicola",NA,0.714285714285714
"OTU_16",0.408740146323758,-0.593294813006284,0.24344217909331,0.363281152978664,1.67900298890724,-1.63315605046301,0.153989243992019,0.163364386682529,0.371910025003333,0.531803216221849,FALSE,FALSE,TRUE,TRUE,FALSE,FALSE,"Root","Bacteria","Bacillota","Dehalobacteriia","UBA4068",NA,NA,NA,0.785714285714286
"OTU_247",-0.266162413573723,0.348959501583205,0.122410342457022,0.30543587743392,-2.17434579653407,1.14249676401785,0.081693703749542,0.304987817275285,0.240368012955383,0.729111500673728,FALSE,FALSE,TRUE,TRUE,FALSE,FALSE,"Root","Bacteria","Bacillota","Dehalobacteriia","UBA4068","UBA4997","Avidehalobacter","Avidehalobacter sp021771915",0.785714285714286
"OTU_3",-0.121716733543219,0.34196648080053,0.242889363816323,0.349164859060729,-0.50112006401097,0.979384012813996,0.634137012484031,0.365213300645862,0.85861029123944,0.757635747007871,FALSE,FALSE,TRUE,TRUE,FALSE,FALSE,"Root","Bacteria","Bacillota",NA,NA,NA,NA,NA,0.857142857142857
"OTU_284",-0.0262182418910365,0.143543802031504,0.27813368926891,0.518318706706758,-0.0942648909592816,0.276941195010186,0.927540261256076,0.789824796134497,0.972011369672463,0.969752678933756,FALSE,FALSE,TRUE,TRUE,FALSE,FALSE,"Root","Bacteria","Bacteroidota","Bacteroidia","Bacteroidales","Bacteroidaceae","Bacteroides","Bacteroides acidifaciens",1
"OTU_283",-0.0513147963774753,0.188717600107092,0.18527498777422,0.288218909877777,-0.276965590412067,0.654771750358504,0.789806813335218,0.533530990827856,0.922446125498385,0.840018941145806,FALSE,FALSE,TRUE,TRUE,FALSE,FALSE,"Root","Bacteria","Bacteroidota","Bacteroidia","Bacteroidales","Bacteroidaceae","Bacteroides","Bacteroides muris",1
"OTU_36",0.368325979769271,-0.638118945824452,0.451324636222537,0.806005078690811,0.816099876248852,-0.791705862276879,0.445625601919735,0.458678780264062,0.702893990656901,0.796763829790582,FALSE,FALSE,TRUE,TRUE,FALSE,FALSE,"Root","Bacteria","Bacteroidota","Bacteroidia","Bacteroidales","Bacteroidaceae",NA,NA,0.964285714285714
"OTU_293",-0.23322363921236,0.466358818472498,0.232835931695931,0.472647395373695,-1.00166515328457,0.986694993005885,0.373186669350127,0.379651205827718,0.639357134065113,0.757635747007871,FALSE,FALSE,TRUE,TRUE,FALSE,FALSE,"Root","Bacteria","Bacteroidota","Bacteroidia","Bacteroidales","Marinifilaceae","Odoribacter","Odoribacter sp009935865",0.785714285714286
"OTU_280",0.0449643911895373,0.0154150624864708,0.283317781928594,0.374821658540776,0.158706562233605,0.041126392072655,0.878381794324348,0.9683435795605,0.93328065646962,0.989338961978145,FALSE,FALSE,TRUE,TRUE,FALSE,FALSE,"Root","Bacteria","Bacteroidota","Bacteroidia","Bacteroidales","Muribaculaceae","CAG-873","CAG-873 sp001689665",0.892857142857143
"OTU_277",0.120862946431232,-0.12120233694858,0.121749616087155,0.561102932679476,0.992717269389263,-0.216007313256757,0.353915698668463,0.835141601601428,0.629481565145361,0.969752678933756,FALSE,FALSE,TRUE,TRUE,FALSE,FALSE,"Root","Bacteria","Bacteroidota","Bacteroidia","Bacteroidales","Muribaculaceae","CAG-873","CAG-873 sp002490635",1
"OTU_278",0.395779566524761,-0.616052253116932,0.117606871449202,0.482921085370497,3.36527586906951,-1.27567892928986,0.0119974942470791,0.242767802906031,0.0679858007334481,0.656536564390662,FALSE,FALSE,TRUE,TRUE,FALSE,FALSE,"Root","Bacteria","Bacteroidota","Bacteroidia","Bacteroidales","Muribaculaceae","CAG-873","CAG-873 sp009775225",1
"OTU_276",-0.00547354770302758,0.106203352493087,0.181465006690264,0.415736280029876,-0.0301631030844981,0.255458466327391,0.976778950430489,0.805712628613841,0.986099093847796,0.969752678933756,FALSE,FALSE,TRUE,TRUE,FALSE,FALSE,"Root","Bacteria","Bacteroidota","Bacteroidia","Bacteroidales","Muribaculaceae","CAG-873","CAG-873 sp009775535",1
"OTU_281",0.192121908470485,-0.299480056949672,0.214508014830316,0.365609515856005,0.895639767224832,-0.819125443845457,0.404942198866962,0.444025434232234,0.666195230394033,0.796763829790582,FALSE,FALSE,TRUE,TRUE,FALSE,FALSE,"Root","Bacteria","Bacteroidota","Bacteroidia","Bacteroidales","Muribaculaceae","CAG-873","CAG-873 sp011959565",0.964285714285714
"OTU_420",-0.0139081827924446,0.279897217578526,0.241901062398735,0.357057985392363,-0.0574953357150583,0.783898495564954,0.956377608671462,0.468589706516041,0.975505160844892,0.796763829790582,FALSE,FALSE,TRUE,TRUE,FALSE,FALSE,"Root","Bacteria","Bacteroidota","Bacteroidia","Bacteroidales","Muribaculaceae","CAG-873",NA,0.464285714285714
"OTU_271",0.17296510750349,-0.280477799599769,0.37651091240065,0.51086694248598,0.45938936112278,-0.54902319229134,0.662128223542117,0.602806086430615,0.873324294844344,0.870088030414,FALSE,FALSE,TRUE,TRUE,FALSE,FALSE,"Root","Bacteria","Bacteroidota","Bacteroidia","Bacteroidales","Muribaculaceae","Duncaniella","Duncaniella dubosii",0.964285714285714
"OTU_270",0.00665252880287998,-0.031050333677434,0.112850971568554,0.316674692004829,0.0589496812514259,-0.098051200368612,0.955819718323056,0.926608520828166,0.975505160844892,0.989338961978145,FALSE,FALSE,TRUE,TRUE,FALSE,FALSE,"Root","Bacteria","Bacteroidota","Bacteroidia","Bacteroidales","Muribaculaceae","Duncaniella","Duncaniella freteri",0.857142857142857
"OTU_268",0.338373555026257,-0.512721432419626,0.249991197829451,0.354376384670882,1.3535418765308,-1.44682731298758,0.217959119655671,0.191196924154377,0.483300656627793,0.597002640726931,FALSE,FALSE,TRUE,TRUE,FALSE,FALSE,"Root","Bacteria","Bacteroidota","Bacteroidia","Bacteroidales","Muribaculaceae","Duncaniella","Duncaniella muricolitica",1
"OTU_269",0.280273421102607,-0.408141191357056,0.0707279826729557,0.415890795507258,3.96269496895711,-0.981366252309695,0.00544287951035966,0.359105477325655,0.0416380282542514,0.757635747007871,TRUE,FALSE,FALSE,TRUE,FALSE,FALSE,"Root","Bacteria","Bacteroidota","Bacteroidia","Bacteroidales","Muribaculaceae","Duncaniella","Duncaniella muris",1
"OTU_510",0.144019564343705,0.00352366009026564,0.279518783641717,0.399149520976426,0.515241095669286,0.0088279201278905,0.62834699392278,0.993297829387088,0.85861029123944,0.993297829387088,FALSE,FALSE,TRUE,TRUE,FALSE,FALSE,"Root","Bacteria","Bacteroidota","Bacteroidia","Bacteroidales","Muribaculaceae","Duncaniella",NA,0.464285714285714
"OTU_255",-0.114384465116249,0.163141106587414,0.159018688408307,0.338004145147068,-0.719314605479253,0.482660076598854,0.498992809316665,0.646441385800669,0.755899998271779,0.890321789659585,FALSE,FALSE,TRUE,TRUE,FALSE,FALSE,"Root","Bacteria","Bacteroidota","Bacteroidia","Bacteroidales","Muribaculaceae","JAFLTL01","JAFLTL01 sp910578395",0.821428571428571
"OTU_90",0.0469997342473367,0.0117925233619949,0.22069458125283,0.516335240671827,0.212962792201469,0.0228388892198238,0.841769300691103,0.982872694252798,0.925659429688493,0.989338961978145,FALSE,FALSE,TRUE,TRUE,FALSE,FALSE,"Root","Bacteria","Bacteroidota","Bacteroidia","Bacteroidales","Muribaculaceae","JAFLTL01",NA,0.821428571428571
"OTU_262",0.714700381510648,-1.31124316293511,0.527254287265285,0.667238850000181,1.35551364639933,-1.96517808118451,0.233266461098451,0.106579427351273,0.488900939014563,0.454847670789544,FALSE,FALSE,TRUE,TRUE,FALSE,FALSE,"Root","Bacteria","Bacteroidota","Bacteroidia","Bacteroidales","Muribaculaceae","Lepagella","Lepagella muris",0.714285714285714
"OTU_267",0.137245786923734,-0.239467296676559,0.123586361366697,0.31660879946564,1.11052534766767,-0.756350730240987,0.30928428569322,0.478074328160305,0.576793023331498,0.796763829790582,FALSE,FALSE,TRUE,TRUE,FALSE,FALSE,"Root","Bacteria","Bacteroidota","Bacteroidia","Bacteroidales","Muribaculaceae","Lepagella","Lepagella muris_A",0.857142857142857
"OTU_263",-0.030223248588306,0.228269277787195,0.0927363006459714,0.387863083680768,-0.325905264473356,0.58853055985878,0.755562642853995,0.577643041053686,0.917468923465565,0.864412323954807,FALSE,FALSE,TRUE,TRUE,FALSE,FALSE,"Root","Bacteria","Bacteroidota","Bacteroidia","Bacteroidales","Muribaculaceae","Lepagella","Lepagella sp002361155",0.928571428571429
"OTU_266",0.0421676800317477,0.0204491425704905,0.0623657974250805,0.450408067317901,0.676134704801994,0.0454013683464007,0.520660976521145,0.965055442114638,0.77340902337607,0.989338961978145,FALSE,FALSE,TRUE,TRUE,FALSE,FALSE,"Root","Bacteria","Bacteroidota","Bacteroidia","Bacteroidales","Muribaculaceae","Lepagella","Lepagella sp002361215",1
"OTU_265",-0.205975411822598,0.241881908570398,0.109673896887033,0.29516256023709,-1.87807142509724,0.819487093404076,0.156994240820551,0.472551731389028,0.371910025003333,0.796763829790582,FALSE,FALSE,TRUE,TRUE,FALSE,FALSE,"Root","Bacteria","Bacteroidota","Bacteroidia","Bacteroidales","Muribaculaceae","Lepagella","Lepagella sp003979075",0.857142857142857
"OTU_264",0.296034278309883,-0.424245776009182,0.123129751312645,0.460763067103095,2.40424653793222,-0.920746054314847,0.0529874462768686,0.392698275882308,0.19302569715145,0.757635747007871,FALSE,FALSE,TRUE,TRUE,FALSE,FALSE,"Root","Bacteria","Bacteroidota","Bacteroidia","Bacteroidales","Muribaculaceae","Lepagella","Lepagella sp009775365",0.964285714285714
"OTU_261",0.387003389757156,-0.600255134935243,0.302968305629093,0.66370131424731,1.27737252566261,-0.904405524066168,0.242203207868524,0.395838858683472,0.494094544051789,0.757635747007871,FALSE,FALSE,TRUE,TRUE,FALSE,FALSE,"Root","Bacteria","Bacteroidota","Bacteroidia","Bacteroidales","Muribaculaceae","Lepagella","Lepagella sp009775375",1
"OTU_419",0.267793666616274,-0.209819432303002,0.480482217183472,0.571976220640298,0.557343554119542,-0.366832439411765,0.601320939325783,0.728756790566465,0.85861029123944,0.935455772016815,FALSE,FALSE,TRUE,TRUE,FALSE,FALSE,"Root","Bacteria","Bacteroidota","Bacteroidia","Bacteroidales","Muribaculaceae","Lepagella",NA,0.571428571428571
"OTU_275",-0.0398759781750054,0.168127727342648,0.174600241124746,0.357326307017039,-0.228384439323399,0.470515951501523,0.825875679216421,0.652294643534984,0.925659429688493,0.890321789659585,FALSE,FALSE,TRUE,TRUE,FALSE,FALSE,"Root","Bacteria","Bacteroidota","Bacteroidia","Bacteroidales","Muribaculaceae","Muribaculum","Muribaculum gordoncarteri",1
"OTU_273",0.0548187722170528,-0.10041415852388,0.276467872032666,0.433662408396587,0.198282613505904,-0.231549141866249,0.850633837760588,0.826065895343261,0.925659429688493,0.969752678933756,FALSE,FALSE,TRUE,TRUE,FALSE,FALSE,"Root","Bacteria","Bacteroidota","Bacteroidia","Bacteroidales","Muribaculaceae","Muribaculum","Muribaculum intestinale",0.857142857142857
"OTU_421",0.448473949398639,-0.710902142289914,0.12126818629621,0.355710912506658,3.6981995286315,-1.99853903069844,0.00767317903771855,0.0858040022798278,0.0510433214248234,0.418936831398385,FALSE,FALSE,TRUE,TRUE,FALSE,FALSE,"Root","Bacteria","Bacteroidota","Bacteroidia","Bacteroidales","Muribaculaceae","Muribaculum",NA,0.607142857142857
"OTU_35",0.270866102208667,-0.391208017347963,0.156516690877184,0.420992570878424,1.73058924700377,-0.929251593517878,0.127140843617237,0.383684272123103,0.336878866382809,0.757635747007871,FALSE,FALSE,TRUE,TRUE,FALSE,FALSE,"Root","Bacteria","Bacteroidota","Bacteroidia","Bacteroidales","Muribaculaceae",NA,NA,1
"OTU_320",0.983208830578878,-1.65816689917612,0.0550797889932775,0.523242323480493,17.8506281260242,-3.16902288818373,0.000383376328009999,0.0505186710151357,0.00600868481203229,0.329644327484106,TRUE,FALSE,FALSE,TRUE,FALSE,FALSE,"Root","Bacteria","Bacteroidota","Bacteroidia","Bacteroidales","Muribaculaceae","Paramuribaculum",NA,0.464285714285714
"OTU_356",0.0222322717294379,-0.0608880832053546,0.0830450159806475,0.282158292848433,0.267713498117922,-0.215794058684859,0.806270875529569,0.842987622863984,0.925659429688493,0.969752678933756,FALSE,FALSE,TRUE,TRUE,FALSE,FALSE,"Root","Bacteria","Bacteroidota","Bacteroidia","Bacteroidales","Muribaculaceae","Paramuribaculum","Paramuribaculum intestinale",0.75
"OTU_256",0.123464149212851,-0.0791055178151176,0.131594336447832,0.376121723364105,0.938217802874784,-0.210318928424507,0.384346367762399,0.840379159095556,0.646208728215902,0.969752678933756,FALSE,FALSE,TRUE,TRUE,FALSE,FALSE,"Root","Bacteria","Bacteroidota","Bacteroidia","Bacteroidales","Muribaculaceae","UBA7173","UBA7173 sp001689485",0.964285714285714
"OTU_260",0.178287102966587,-0.224565818712221,0.1790428089608,0.340254987956057,0.995779188236606,-0.659992730925733,0.352525747395092,0.530367497657636,0.629481565145361,0.840018941145806,FALSE,FALSE,TRUE,TRUE,FALSE,FALSE,"Root","Bacteria","Bacteroidota","Bacteroidia","Bacteroidales","Muribaculaceae","UBA7173","UBA7173 sp001689685",1
"OTU_259",0.0105243687123323,0.0637150225666339,0.395897744054443,0.535917245401513,0.0265835531280143,0.11888966647994,0.979654001731144,0.909243386606971,0.986099093847796,0.989338961978145,FALSE,FALSE,TRUE,TRUE,FALSE,FALSE,"Root","Bacteria","Bacteroidota","Bacteroidia","Bacteroidales","Muribaculaceae","UBA7173","UBA7173 sp002491305",0.928571428571429
"OTU_258",0.344782976462364,-0.524258391004617,0.304826910233422,0.460884600150307,1.13107788350558,-1.137504683024,0.295279949686574,0.292760188477428,0.55775101607464,0.729111500673728,FALSE,FALSE,TRUE,TRUE,FALSE,FALSE,"Root","Bacteria","Bacteroidota","Bacteroidia","Bacteroidales","Muribaculaceae","UBA7173","UBA7173 sp013316675",1
"OTU_19",0.200478317845787,-0.228208181747043,0.117560897920023,0.349559391922595,1.70531461900003,-0.65284523036811,0.1390158276852,0.538051347923458,0.360498671793823,0.840018941145806,FALSE,FALSE,TRUE,TRUE,FALSE,FALSE,"Root","Bacteria","Bacteroidota","Bacteroidia","Bacteroidales",NA,NA,NA,0.857142857142857
"OTU_289",-0.212459550414571,0.39364356283179,0.0880006300955695,0.351849919560976,-2.41429578610787,1.11878258583365,0.0605420981786179,0.314081761934496,0.210521386848376,0.739300147322736,FALSE,FALSE,TRUE,TRUE,FALSE,FALSE,"Root","Bacteria","Bacteroidota","Bacteroidia","Bacteroidales","Rikenellaceae","Alistipes","Alistipes muris",0.928571428571429
"OTU_288",-0.226730136644824,0.621283053900233,0.140616362079146,0.456240724520343,-1.61240223607271,1.36174396652864,0.158000991014488,0.222188929289992,0.371910025003333,0.648790061016034,FALSE,FALSE,TRUE,TRUE,FALSE,FALSE,"Root","Bacteria","Bacteroidota","Bacteroidia","Bacteroidales","Rikenellaceae","Alistipes","Alistipes sp002358415",0.928571428571429
"OTU_286",-0.249077138753675,0.356056152943366,0.272971678374407,0.481851941768894,-0.912465132782171,0.738932692968451,0.403374384332738,0.493154011700627,0.666195230394033,0.802686848831871,FALSE,FALSE,TRUE,TRUE,FALSE,FALSE,"Root","Bacteria","Bacteroidota","Bacteroidia","Bacteroidales","Rikenellaceae","Alistipes","Alistipes sp002362235",0.678571428571429
"OTU_291",-0.285017796371595,0.609383000096507,0.212433973161531,0.37961119983815,-1.34167709679314,1.6052819315034,0.221590225691951,0.15246678042784,0.48433292186955,0.51171687786928,FALSE,FALSE,TRUE,TRUE,FALSE,FALSE,"Root","Bacteria","Bacteroidota","Bacteroidia","Bacteroidales","Rikenellaceae","Alistipes","Alistipes sp003979135",1
"OTU_287",-0.000201877530617309,0.0605585719753256,0.0294988730580148,0.453963382812913,-0.00684356755664125,0.133399684353579,0.994804320613725,0.899080102772646,0.994804320613725,0.989338961978145,FALSE,FALSE,TRUE,TRUE,FALSE,FALSE,"Root","Bacteria","Bacteroidota","Bacteroidia","Bacteroidales","Rikenellaceae","Alistipes","Alistipes sp009774895",0.857142857142857
"OTU_285",-0.848082787131206,1.33705842181134,0.146020272533721,0.35079013561592,-5.80797975798431,3.8115622021803,0.00114323707617189,0.00884742098982111,0.0134550209734076,0.193379344491804,TRUE,FALSE,FALSE,TRUE,FALSE,FALSE,"Root","Bacteria","Bacteroidota","Bacteroidia","Bacteroidales","Rikenellaceae","Alistipes","Alistipes sp910575495",0.964285714285714
"OTU_91",0.0380056837368004,0.0279407359013961,0.134846124114499,0.247659110626582,0.28184483600381,0.112819333925191,0.786212907098904,0.913341075756288,0.922446125498385,0.989338961978145,FALSE,FALSE,TRUE,TRUE,FALSE,FALSE,"Root","Bacteria","Bacteroidota","Bacteroidia","Bacteroidales","Rikenellaceae","Alistipes",NA,0.964285714285714
"OTU_544",-1.10243093271056,2.49803913128579,0.437888449490512,0.516241238490867,-2.5176067877407,4.83889884230933,0.0655236627113982,0.00840679410777989,0.212317003245318,0.193379344491804,FALSE,FALSE,TRUE,TRUE,FALSE,FALSE,"Root","Bacteria","Bacteroidota","Bacteroidia","Chitinophagales","Chitinophagaceae","Sediminibacterium",NA,0.25
"OTU_12",0.0163307123067022,0.0669556844755731,0.207673009803921,0.424171270722757,0.0786366621359278,0.157850587951149,0.939522337973078,0.879031528548978,0.975505160844892,0.9889104696176,FALSE,FALSE,TRUE,TRUE,FALSE,FALSE,"Root","Bacteria","Bacteroidota","Bacteroidia",NA,NA,NA,NA,0.892857142857143
"OTU_297",-1.32485992993225,2.09990185029302,0.298019602620014,0.453389545333061,-4.44554626032939,4.63156213439026,0.0043498732835578,0.00357185461802816,0.0369739229102413,0.193379344491804,TRUE,FALSE,FALSE,TRUE,FALSE,FALSE,"Root","Bacteria","Chrysiogenota","Deferribacteres","Deferribacterales","Mucispirillaceae","Mucispirillum","Mucispirillum schaedleri",0.964285714285714
"OTU_295",-0.368105719775701,0.758941262223898,0.322730971874705,0.474630023065751,-1.14059619886315,1.59901655045273,0.291554405396883,0.153849518836516,0.557597800321539,0.51171687786928,FALSE,FALSE,TRUE,TRUE,FALSE,FALSE,"Root","Bacteria","Desulfobacterota_I","Desulfovibrionia","Desulfovibrionales","Desulfovibrionaceae","Desulfovibrio","Desulfovibrio sp009773975",1
"OTU_37",0.152202079947872,-0.26339736551518,0.285907872774229,0.452776632532328,0.532346585881043,-0.581737984228623,0.613613375655371,0.581924636387877,0.85861029123944,0.864412323954807,FALSE,FALSE,TRUE,TRUE,FALSE,FALSE,"Root","Bacteria","Desulfobacterota_I","Desulfovibrionia","Desulfovibrionales","Desulfovibrionaceae",NA,NA,0.964285714285714
"OTU_2",0.062307436419366,-0.0158024189272221,0.105097685166803,0.266841683055511,0.592852604893022,-0.0592202040785913,0.571927051768285,0.954431892662457,0.833379418290929,0.989338961978145,FALSE,FALSE,TRUE,TRUE,FALSE,FALSE,"Root","Bacteria",NA,NA,NA,NA,NA,NA,1
"OTU_86",-0.0146027470365489,0.122635911293425,0.225624763242183,0.374255586767714,-0.0647213844203551,0.327679574144982,0.950205366685111,0.752736388664368,0.975505160844892,0.944005471029904,FALSE,FALSE,TRUE,TRUE,FALSE,FALSE,"Root","Bacteria","Patescibacteriota","Saccharimonadia","Saccharimonadales","Nanosyncoccaceae","Nanosyncoccus",NA,1
"OTU_9",0.396295499263688,-0.616980932047001,0.46468244748249,0.554281875489065,0.852830791028794,-1.11311763802959,0.421971629460856,0.302415982936531,0.672517284453239,0.729111500673728,FALSE,FALSE,TRUE,TRUE,FALSE,FALSE,"Root","Bacteria","Pseudomonadota","Alphaproteobacteria",NA,NA,NA,NA,1
"OTU_249",0.0417705448933946,0.0211639858195271,0.219660257559007,0.354945538978142,0.190159773814222,0.0596260087687153,0.854580972472422,0.954120059677025,0.925659429688493,0.989338961978145,FALSE,FALSE,TRUE,TRUE,FALSE,FALSE,"Root","Bacteria","Pseudomonadota","Alphaproteobacteria","Rhodobacterales","Rhodobacteraceae","Paracoccus","Paracoccus marinus",0.964285714285714
"OTU_4",0.223275770710465,-0.305545420651201,0.428307191735601,0.560138245217909,0.521298206097591,-0.545482161340965,0.618240016610258,0.602362108496135,0.85861029123944,0.870088030414,FALSE,FALSE,TRUE,TRUE,FALSE,FALSE,"Root","Bacteria","Pseudomonadota",NA,NA,NA,NA,NA,1
